class,full_dataset_images,subset_images,train,val,test,imbalance_ratio_vs_max_full
Apple___Apple_scab,630,200,140,30,30,8.74
Apple___Black_rot,621,200,140,30,30,8.87
Apple___Cedar_apple_rust,275,200,140,30,30,20.03
Apple___healthy,1645,200,140,30,30,3.35
Blueberry___healthy,1502,200,140,30,30,3.67
Cherry_(including_sour)___Powdery_mildew,1052,200,140,30,30,5.23
Cherry_(including_sour)___healthy,854,200,140,30,30,6.45
Corn_(maize)___Cercospora_leaf_spot Gray_leaf_spot,513,200,140,30,30,10.73
Corn_(maize)___Common_rust_,1192,200,140,30,30,4.62
Corn_(maize)___Northern_Leaf_Blight,985,200,140,30,30,5.59
Corn_(maize)___healthy,1162,200,140,30,30,4.74
Grape___Black_rot,1180,200,140,30,30,4.67
Grape___Esca_(Black_Measles),1383,200,140,30,30,3.98
Grape___Leaf_blight_(Isariopsis_Leaf_Spot),1076,200,140,30,30,5.12
Grape___healthy,423,200,140,30,30,13.02
Orange___Haunglongbing_(Citrus_greening),5507,200,140,30,30,1.0
Peach___Bacterial_spot,2297,200,140,30,30,2.4
Peach___healthy,360,200,140,30,30,15.3
"Pepper,_bell___Bacterial_spot",997,200,140,30,30,5.52
"Pepper,_bell___healthy",1478,200,140,30,30,3.73
Potato___Early_blight,1000,200,140,30,30,5.51
Potato___Late_blight,1000,200,140,30,30,5.51
Potato___healthy,152,152,106,23,23,36.23
Raspberry___healthy,371,200,140,30,30,14.84
Soybean___healthy,5090,200,140,30,30,1.08
Squash___Powdery_mildew,1835,200,140,30,30,3.0
Strawberry___Leaf_scorch,1109,200,140,30,30,4.97
Strawberry___healthy,456,200,140,30,30,12.08
Tomato___Bacterial_spot,2127,200,140,30,30,2.59
Tomato___Early_blight,1000,200,140,30,30,5.51
Tomato___Late_blight,1909,200,140,30,30,2.88
Tomato___Leaf_Mold,952,200,140,30,30,5.78
Tomato___Septoria_leaf_spot,1771,200,140,30,30,3.11
Tomato___Spider_mites Two-spotted_spider_mite,1676,200,140,30,30,3.29
Tomato___Target_Spot,1404,200,140,30,30,3.92
Tomato___Tomato_Yellow_Leaf_Curl_Virus,5357,200,140,30,30,1.03
Tomato___Tomato_mosaic_virus,373,200,140,30,30,14.76
Tomato___healthy,1591,200,140,30,30,3.46
