epoch,train_loss,train_acc,val_loss,val_acc,elapsed_s
1,3.434005430779401,0.11142640938327658,2.9042268434879746,0.24271844660194175,31.794694423675537
2,2.771897636486462,0.23533863034430572,2.639380768980479,0.2886142983230362,58.14673113822937
3,2.3526885431912468,0.2936057510404843,1.9837505209267088,0.41041482789055606,85.50716018676758
4,2.0473429130145737,0.3851683692773364,1.742114855773872,0.44660194174757284,112.58022856712341
5,1.751928663551469,0.4640559969731366,1.6325444139849266,0.5145631067961165,139.95469498634338
6,1.5736469946438014,0.5251608021188043,1.5635693138506386,0.527802294792586,167.85467958450317
7,1.3966874391618571,0.5588346575860764,1.2005463319864298,0.6293027360988526,196.9189648628235
8,1.2484146920379886,0.6099129776768824,0.9170907366517783,0.707855251544572,225.19211626052856
9,1.116698114158437,0.6485054861899356,0.7899464054225508,0.7502206531332745,253.26263570785522
10,0.9934586145595489,0.6827468785471056,0.7025363245372318,0.7828773168578994,280.5345540046692
11,0.9070897121750582,0.7035565645100265,0.6634170148400006,0.8005295675198588,307.1220853328705
12,0.8933493627818119,0.7175558077941733,0.6565602025623776,0.8040600176522507,334.80058217048645
