,precision,recall,f1-score,support,specificity
Apple___Apple_scab,0.8518518518518519,0.7666666666666667,0.8070175438596491,30.0,0.9963735267452403
Apple___Black_rot,0.9,0.9,0.9,30.0,0.9972801450589301
Apple___Cedar_apple_rust,0.8235294117647058,0.9333333333333333,0.875,30.0,0.9945602901178604
Apple___healthy,0.8571428571428571,0.8,0.8275862068965517,30.0,0.9963735267452403
Blueberry___healthy,0.9642857142857143,0.9,0.9310344827586207,30.0,0.99909338168631
Cherry_(including_sour)___Powdery_mildew,0.8888888888888888,0.8,0.8421052631578947,30.0,0.9972801450589301
Cherry_(including_sour)___healthy,0.8333333333333334,1.0,0.9090909090909091,30.0,0.9945602901178604
Corn_(maize)___Cercospora_leaf_spot Gray_leaf_spot,0.9090909090909091,0.6666666666666666,0.7692307692307693,30.0,0.9981867633726201
Corn_(maize)___Common_rust_,0.967741935483871,1.0,0.9836065573770492,30.0,0.99909338168631
Corn_(maize)___Northern_Leaf_Blight,0.8235294117647058,0.9333333333333333,0.875,30.0,0.9945602901178604
Corn_(maize)___healthy,0.9375,1.0,0.967741935483871,30.0,0.9981867633726201
Grape___Black_rot,0.8461538461538461,0.7333333333333333,0.7857142857142857,30.0,0.9963735267452403
Grape___Esca_(Black_Measles),0.9,0.9,0.9,30.0,0.9972801450589301
Grape___Leaf_blight_(Isariopsis_Leaf_Spot),0.9375,1.0,0.967741935483871,30.0,0.9981867633726201
Grape___healthy,0.9655172413793104,0.9333333333333333,0.9491525423728814,30.0,0.99909338168631
Orange___Haunglongbing_(Citrus_greening),0.9666666666666667,0.9666666666666667,0.9666666666666667,30.0,0.99909338168631
Peach___Bacterial_spot,0.8709677419354839,0.9,0.8852459016393442,30.0,0.9963735267452403
Peach___healthy,0.9354838709677419,0.9666666666666667,0.9508196721311475,30.0,0.9981867633726201
"Pepper,_bell___Bacterial_spot",0.8666666666666667,0.8666666666666667,0.8666666666666667,30.0,0.9963735267452403
"Pepper,_bell___healthy",0.84375,0.9,0.8709677419354839,30.0,0.9954669084315503
Potato___Early_blight,0.9375,1.0,0.967741935483871,30.0,0.9981867633726201
Potato___Late_blight,0.8214285714285714,0.7666666666666667,0.7931034482758621,30.0,0.9954669084315503
Potato___healthy,0.75,0.782608695652174,0.7659574468085106,23.0,0.9945945945945946
Raspberry___healthy,0.9090909090909091,1.0,0.9523809523809523,30.0,0.9972801450589301
Soybean___healthy,0.9565217391304348,0.7333333333333333,0.8301886792452831,30.0,0.99909338168631
Squash___Powdery_mildew,0.9090909090909091,1.0,0.9523809523809523,30.0,0.9972801450589301
Strawberry___Leaf_scorch,0.9354838709677419,0.9666666666666667,0.9508196721311475,30.0,0.9981867633726201
Strawberry___healthy,0.9354838709677419,0.9666666666666667,0.9508196721311475,30.0,0.9981867633726201
Tomato___Bacterial_spot,0.8928571428571429,0.8333333333333334,0.8620689655172413,30.0,0.9972801450589301
Tomato___Early_blight,0.8,0.6666666666666666,0.7272727272727273,30.0,0.9954669084315503
Tomato___Late_blight,0.8,0.6666666666666666,0.7272727272727273,30.0,0.9954669084315503
Tomato___Leaf_Mold,0.8064516129032258,0.8333333333333334,0.819672131147541,30.0,0.9945602901178604
Tomato___Septoria_leaf_spot,0.5294117647058824,0.6,0.5625,30.0,0.985494106980961
Tomato___Spider_mites Two-spotted_spider_mite,0.75,0.8,0.7741935483870968,30.0,0.9927470534904805
Tomato___Target_Spot,0.75,0.8,0.7741935483870968,30.0,0.9927470534904805
Tomato___Tomato_Yellow_Leaf_Curl_Virus,0.9642857142857143,0.9,0.9310344827586207,30.0,0.99909338168631
Tomato___Tomato_mosaic_virus,0.90625,0.9666666666666667,0.9354838709677419,30.0,0.9972801450589301
Tomato___healthy,0.9354838709677419,0.9666666666666667,0.9508196721311475,30.0,0.9981867633726201
accuracy,0.8720211827007943,0.8720211827007943,0.8720211827007943,0.8720211827007943,
macro avg,0.8731300085203308,0.8714721586575136,0.8699550924511928,1133.0,
weighted avg,0.8738907411413743,0.8720211827007943,0.8705976198293913,1133.0,
