tag,variant,best_epoch,params,accuracy,precision_macro,recall_macro,f1_macro,precision_weighted,recall_weighted,f1_weighted,specificity_macro,roc_auc_macro_ovr,ece,bgswap_accuracy,bgswap_f1_macro,latency_ms_cpu_1thread,leaf_focus_clean,leaf_focus_ratio_clean,deletion_auc_cam_clean,deletion_auc_random_clean,deletion_gain_clean,leaf_focus_bgswap,leaf_focus_ratio_bgswap,deletion_auc_cam_bgswap,deletion_auc_random_bgswap,deletion_gain_bgswap,mean_leaf_area_fraction
ABC_proposed_s0,ABC_proposed,12,675129,0.8005295675198588,0.7994232252662095,0.8004195270785659,0.795478442346817,0.7997285761725319,0.8005295675198588,0.7956608315513786,0.9946089096206002,0.9926408524077456,0.10288494825363159,0.7122683142100618,0.7078388649475843,2.123708724975586,0.6506897807121277,1.4074269533157349,0.1598474234342575,0.2929217219352722,0.1330743283033371,0.668088972568512,1.4447531700134277,0.12788736820220947,0.2346893548965454,0.10680197924375534,0.4757080078125
ABC_proposed_s1,ABC_proposed,12,675129,0.7908208296557812,0.7921063788993861,0.7907704042715484,0.784733822625761,0.7921650583192719,0.7908208296557812,0.7847469522716701,0.9943463170189323,0.9923252228122866,0.0923510193824768,0.7166813768755517,0.7121074586320034,2.187342643737793,0.658311665058136,1.425493597984314,0.16201041638851166,0.3149462044239044,0.15293575823307037,0.6743412613868713,1.4655117988586426,0.13359205424785614,0.2699017822742462,0.1363096982240677,0.4757080078125
ABC_proposed_s2,ABC_proposed,12,675129,0.8049426301853486,0.8065229830439538,0.8045385202135775,0.8014101579369354,0.8059779724407503,0.8049426301853486,0.8013600294628771,0.9947275996710552,0.9933806162810273,0.0947415679693222,0.7255075022065314,0.7221857456615549,2.106943130493164,0.6590108275413513,1.4348797798156738,0.16675147414207458,0.31866276264190674,0.15191127359867096,0.6741511821746826,1.4658476114273071,0.1430436670780182,0.27316156029701233,0.13011787831783295,0.4757080078125
AB_se_bgaug_s0,AB_se_bgaug,12,675032,0.8137687555163283,0.816541191104528,0.8135774218154082,0.8079921600158831,0.8169523017291808,0.8137687555163283,0.8082518625687973,0.994966785270741,0.993326070032307,0.09472638368606567,0.7087378640776699,0.704098637644985,2.1062278747558594,0.6302681565284729,1.3770626783370972,0.20008879899978638,0.3456651270389557,0.14557629823684692,0.6669126749038696,1.4631249904632568,0.1440776139497757,0.26794496178627014,0.12386737018823624,0.4757080078125
AB_se_bgaug_s1,AB_se_bgaug,12,675032,0.8164165931156222,0.8187835244778063,0.8164759725400458,0.8107353351828666,0.8191467060059129,0.8164165931156222,0.8108531469036196,0.995038360400769,0.9938931312191468,0.08738649636507034,0.7007943512797882,0.6942570653866003,2.0814990997314453,0.6282210350036621,1.3705182075500488,0.19980797171592712,0.34518906474113464,0.1453811228275299,0.6654333472251892,1.4618029594421387,0.14652717113494873,0.27471300959587097,0.12818586826324463,0.4757080078125
AB_se_bgaug_s2,AB_se_bgaug,12,675032,0.8155339805825242,0.8143118818982438,0.8150648360030512,0.8113911640680055,0.8143414639870532,0.8155339805825242,0.8116300407135351,0.9950142011076303,0.9929495441031485,0.09568233788013458,0.7025595763459841,0.6970955833823111,2.07427978515625,0.6225737929344177,1.349570870399475,0.19581300020217896,0.3363499045372009,0.14053691923618317,0.6667565703392029,1.4536246061325073,0.1474970579147339,0.28315308690071106,0.13565599918365479,0.4757080078125
A_se_s0,A_se,11,675032,0.8905560458958517,0.8947773385087677,0.8901601830663615,0.889382885055625,0.8954143859076156,0.8905560458958517,0.8898825370656025,0.997042313583326,0.997618497585407,0.04838290438055992,0.14033539276257723,0.0986866970922709,2.158019542694092,0.5782464742660522,1.2443979978561401,0.2309054136276245,0.31307750940322876,0.08217208832502365,0.5061160326004028,1.070010781288147,0.2774823009967804,0.40035784244537354,0.12287555634975433,0.4757080078125
A_se_s1,A_se,12,675032,0.8852603706972639,0.8856277303364086,0.8851639969488939,0.8828681664935731,0.8863468642532131,0.8852603706972639,0.883279279866185,0.996899313781501,0.9975204427411951,0.04854553937911987,0.13062665489849956,0.09906472069164007,2.160515785217285,0.5775378346443176,1.2476847171783447,0.22884929180145264,0.32153379917144775,0.09268450736999512,0.4967287480831146,1.0395007133483887,0.26313817501068115,0.392649382352829,0.1295112818479538,0.4757080078125
A_se_s2,A_se,12,675032,0.880847308031774,0.8818760118982952,0.8810450038138825,0.8794272045622563,0.882334340167882,0.880847308031774,0.8795648836725262,0.9967798714398896,0.9973574376017474,0.0454687774181366,0.1562224183583407,0.11604577762523956,2.0066094398498535,0.5735721588134766,1.233506202697754,0.24689799547195435,0.3449929356575012,0.09809493273496628,0.5205206274986267,1.0934813022613525,0.289125919342041,0.4055359661579132,0.1164100393652916,0.4757080078125
baseline_s0,baseline,11,662558,0.9082082965578111,0.9108293668567403,0.9082379862700228,0.9059523279523553,0.9110507309944254,0.9082082965578111,0.9060285390262566,0.9975191802003845,0.9976450044007631,0.06313683837652206,0.15975286849073256,0.1291360730607908,1.8406319618225098,0.5748493075370789,1.2297236919403076,0.25039950013160706,0.3259228765964508,0.07552344352006912,0.5131660103797913,1.090521216392517,0.2363252490758896,0.3681694269180298,0.1318441927433014,0.4757080078125
baseline_s0_lr1e-3,baseline,11,662558,0.9029126213592233,0.904008277283257,0.9027078565980169,0.9000602730360174,0.9044449274224,0.9029126213592233,0.9003629871602377,0.9973761803985594,0.9975357848081711,0.08932429552078247,0.18711385701676964,0.15467633655698507,1.923370361328125,0.5805542469024658,1.2540801763534546,0.22650748491287231,0.3118588328361511,0.08535134047269821,0.5552418828010559,1.1840298175811768,0.22569186985492706,0.33266326785087585,0.10697139799594879,0.4757080078125
baseline_s0_lr6e-3,baseline,11,662558,0.8887908208296558,0.8921135407902943,0.8884057971014491,0.8862345898250923,0.8929297762585486,0.8887908208296558,0.8868188576645532,0.9969947472882053,0.9971744383389556,0.06171634420752525,0.14563106796116504,0.11063826662590094,1.8992829322814941,0.5646812319755554,1.1980894804000854,0.24251052737236023,0.3177691102027893,0.07525855302810669,0.4735826253890991,1.0007030963897705,0.29539215564727783,0.4230707883834839,0.12767861783504486,0.4757080078125
baseline_s1,baseline,11,662558,0.8720211827007943,0.8731300085203308,0.8714721586575136,0.8699550924511928,0.8738907411413743,0.8720211827007943,0.8705976198293913,0.9965414381313604,0.9966375706613999,0.05600881204009056,0.14298323036187113,0.10784830838277777,1.7565464973449707,0.5743656158447266,1.234346628189087,0.23273247480392456,0.31387436389923096,0.08114191144704819,0.4788304269313812,1.0001083612442017,0.3189426362514496,0.465666800737381,0.14672419428825378,0.4757080078125
baseline_s2,baseline,11,662558,0.8914386584289496,0.8945779865291892,0.8910373760488175,0.8893165067602046,0.8952138022741473,0.8914386584289496,0.8898157486659739,0.9970661719600021,0.9975131076687886,0.05790888890624046,0.14916151809355693,0.1093577277322059,1.7566466331481934,0.5700694918632507,1.2214365005493164,0.24688014388084412,0.3168434500694275,0.06996331363916397,0.47775647044181824,1.0051475763320923,0.31281644105911255,0.4466305077075958,0.13381405174732208,0.4757080078125
pre_mnv3_bgaug_s0,pre_mnv3_bgaug,8,4250710,0.9682259488084731,0.9684037784263568,0.9681540808543097,0.9678086106009595,0.968477189083966,0.9682259488084731,0.967878344140495,0.9991412488978932,0.9995457488437939,0.011291579343378544,0.9470432480141218,0.94672079390202,5.92940092086792,0.6762456297874451,1.5049896240234375,0.3420605957508087,0.5271286368370056,0.18506799638271332,0.7064287662506104,1.5857980251312256,0.28149861097335815,0.495697557926178,0.21419893205165863,0.4757080078125
pre_mnv3_bgaug_s1,pre_mnv3_bgaug,8,4250710,0.970873786407767,0.9709685358368472,0.9710526315789475,0.9704940775026706,0.9717044729841507,0.970873786407767,0.970806044442228,0.9992132754026154,0.9995620674874883,0.011598700657486916,0.9355692850838482,0.9347680890060319,13.728492259979248,0.6600466966629028,1.476590633392334,0.36132484674453735,0.5512120127677917,0.189887136220932,0.6811130046844482,1.532557487487793,0.30179154872894287,0.5167960524559021,0.2150045782327652,0.4757080078125
pre_mnv3_bgaug_s2,pre_mnv3_bgaug,7,4250710,0.9567519858781994,0.9576358418039234,0.9570175438596493,0.955892063423349,0.9584773695114497,0.9567519858781994,0.9562252663834261,0.9988316918340299,0.999511791075158,0.016786733642220497,0.9373345101500441,0.9368762231034516,16.566283702850342,0.6677474975585938,1.4800925254821777,0.3331974744796753,0.4971933662891388,0.16399593651294708,0.694508969783783,1.5533660650253296,0.2704123556613922,0.45455580949783325,0.18414345383644104,0.4757080078125
ref_mobilenet_s0,ref_mobilenet,11,370382,0.909973521624007,0.9139469492810152,0.9099923722349352,0.9091940095811233,0.9141875747399445,0.909973521624007,0.9092902486968615,0.9975668969537367,0.9979876809659739,0.039236463606357574,0.11827007943512798,0.09689088272024436,2.494053840637207,0.5301625728607178,1.125704288482666,0.2733664810657501,0.34580954909324646,0.07244308292865753,0.44228270649909973,0.9316737651824951,0.33052849769592285,0.5231605768203735,0.1926320642232895,0.4757080078125
ref_pre_effb0_s0,ref_pre_effb0,7,4056226,0.9744042365401588,0.9746045220578329,0.9745614035087717,0.9741863715484703,0.9747050501435093,0.9744042365401588,0.9741583404549594,0.9993082575346259,0.99978344855163,0.01258816197514534,0.4351279788172992,0.4612971505303669,9.175097942352295,0.517791748046875,1.0998514890670776,0.20016390085220337,0.2671258747577667,0.06696196645498276,0.5161376595497131,1.0927021503448486,0.12603792548179626,0.19185440242290497,0.0658164769411087,0.4757080078125
ref_pre_mnv3_s0,ref_pre_mnv3,7,4250710,0.9761694616063548,0.9763075914898482,0.976048817696415,0.975873083555633,0.9766760702839894,0.9761694616063548,0.9761183793151456,0.999356124746209,0.9997318441818671,0.006945312954485416,0.46337157987643424,0.4589227938353266,6.336455345153809,0.6010870933532715,1.3215495347976685,0.09552515298128128,0.18574905395507812,0.09022392332553864,0.6525524854660034,1.4461787939071655,0.08938886970281601,0.14500945806503296,0.05562058463692665,0.4757080078125
ref_pre_mnv3_s1,ref_pre_mnv3,7,4250710,0.9805825242718447,0.981124271923511,0.9807017543859651,0.9804437491564473,0.981501915262844,0.9805825242718447,0.9805803536672696,0.9994754166295895,0.9997456882081923,0.009091708809137344,0.4677846425419241,0.4752055418301442,14.833526611328125,0.5962904095649719,1.3069038391113281,0.08204000443220139,0.14352646470069885,0.061486437916755676,0.6180828213691711,1.332454800605774,0.1090298444032669,0.14765211939811707,0.03862226381897926,0.4757080078125
ref_pre_mnv3_s2,ref_pre_mnv3,8,4250710,0.971756398940865,0.9722109896060851,0.9719298245614034,0.9716562600262457,0.9725335641226275,0.971756398940865,0.9717385729007828,0.9992368328628288,0.9997954665196699,0.011442866176366806,0.5392762577228597,0.5155341751147544,15.688776969909668,0.5981479287147522,1.3104466199874878,0.08333314955234528,0.17024590075016022,0.08691272884607315,0.6417809128761292,1.4194141626358032,0.07490935176610947,0.12003025412559509,0.045120902359485626,0.4757080078125
ref_resnet_s0,ref_resnet,11,1559678,0.9055604589585172,0.9089122725301211,0.9056064073226544,0.9040984805530194,0.9093380323780564,0.9055604589585172,0.9042782593384308,0.9974477555285874,0.9977894788801595,0.04421365261077881,0.13062665489849956,0.09686286043503252,4.689202308654785,0.5659945607185364,1.211067795753479,0.22567680478096008,0.3045116364955902,0.07883481681346893,0.4344637393951416,0.9090175032615662,0.27177736163139343,0.4674144685268402,0.19563716650009155,0.4757080078125
ref_tinyvit_s0,ref_tinyvit,12,350918,0.8508384819064431,0.8551979989934636,0.8509534706331046,0.8504896115586845,0.855333085189069,0.8508384819064431,0.8504860638732474,0.9959685361746724,0.9938582127606859,0.0603625513613224,0.09532215357458076,0.06443928275526332,1.3991451263427734,,,,,,,,,,,
